Commodity_Code,Commodity_Description,Country_Code,Country_Name,Market_Year,Calendar_Year,Month,Attribute_ID,Attribute_Description,Unit_ID,Unit_Description,Value
0412000,"Wheat, Spring",RS,"Russia",1987,2018,06,004,"Area Harvested",04,"(1000 HA)",17094.0000
0412000,"Wheat, Spring",RS,"Russia",1987,2018,06,028,"Production",08,"(1000 MT)",19596.0000
0412000,"Wheat, Spring",RS,"Russia",1988,2018,06,004,"Area Harvested",04,"(1000 HA)",15697.0000
0412000,"Wheat, Spring",RS,"Russia",1988,2018,06,028,"Production",08,"(1000 MT)",16124.0000
0412000,"Wheat, Spring",RS,"Russia",1989,2018,06,004,"Area Harvested",04,"(1000 HA)",15270.0000
0412000,"Wheat, Spring",RS,"Russia",1989,2018,06,028,"Production",08,"(1000 MT)",16914.0000
0412000,"Wheat, Spring",RS,"Russia",1990,2018,06,004,"Area Harvested",04,"(1000 HA)",13900.0000
0412000,"Wheat, Spring",RS,"Russia",1990,2018,06,028,"Production",08,"(1000 MT)",16825.0000
0412000,"Wheat, Spring",RS,"Russia",1991,2018,06,004,"Area Harvested",04,"(1000 HA)",13370.0000
0412000,"Wheat, Spring",RS,"Russia",1991,2018,06,028,"Production",08,"(1000 MT)",13100.0000
0412000,"Wheat, Spring",RS,"Russia",1992,2018,06,004,"Area Harvested",04,"(1000 HA)",12880.0000
0412000,"Wheat, Spring",RS,"Russia",1992,2018,06,028,"Production",08,"(1000 MT)",17900.0000
0412000,"Wheat, Spring",RS,"Russia",1993,2018,06,004,"Area Harvested",04,"(1000 HA)",13580.0000
0412000,"Wheat, Spring",RS,"Russia",1993,2018,06,028,"Production",08,"(1000 MT)",16300.0000
0412000,"Wheat, Spring",RS,"Russia",1994,2018,06,004,"Area Harvested",04,"(1000 HA)",13390.0000
0412000,"Wheat, Spring",RS,"Russia",1994,2018,06,028,"Production",08,"(1000 MT)",15000.0000
0412000,"Wheat, Spring",RS,"Russia",1995,2018,06,004,"Area Harvested",04,"(1000 HA)",13850.0000
0412000,"Wheat, Spring",RS,"Russia",1995,2018,06,028,"Production",08,"(1000 MT)",16200.0000
0412000,"Wheat, Spring",RS,"Russia",1996,2018,06,004,"Area Harvested",04,"(1000 HA)",13860.0000
0412000,"Wheat, Spring",RS,"Russia",1996,2018,06,028,"Production",08,"(1000 MT)",18150.0000
0412000,"Wheat, Spring",RS,"Russia",1997,2018,06,004,"Area Harvested",04,"(1000 HA)",15490.0000
0412000,"Wheat, Spring",RS,"Russia",1997,2018,06,028,"Production",08,"(1000 MT)",23700.0000
0412000,"Wheat, Spring",RS,"Russia",1998,2018,06,004,"Area Harvested",04,"(1000 HA)",12670.0000
0412000,"Wheat, Spring",RS,"Russia",1998,2018,06,028,"Production",08,"(1000 MT)",13683.0000
0412000,"Wheat, Spring",RS,"Russia",1999,2018,06,004,"Area Harvested",04,"(1000 HA)",12560.0000
0412000,"Wheat, Spring",RS,"Russia",1999,2018,06,028,"Production",08,"(1000 MT)",14817.0000
0412000,"Wheat, Spring",RS,"Russia",2000,2018,06,004,"Area Harvested",04,"(1000 HA)",13600.0000
0412000,"Wheat, Spring",RS,"Russia",2000,2018,06,028,"Production",08,"(1000 MT)",17277.0000
0412000,"Wheat, Spring",RS,"Russia",2001,2018,06,004,"Area Harvested",04,"(1000 HA)",14410.0000
0412000,"Wheat, Spring",RS,"Russia",2001,2018,06,028,"Production",08,"(1000 MT)",22624.0000
0412000,"Wheat, Spring",RS,"Russia",2002,2018,06,004,"Area Harvested",04,"(1000 HA)",14480.0000
0412000,"Wheat, Spring",RS,"Russia",2002,2018,06,028,"Production",08,"(1000 MT)",20858.0000
0412000,"Wheat, Spring",RS,"Russia",2003,2018,06,004,"Area Harvested",04,"(1000 HA)",13070.0000
0412000,"Wheat, Spring",RS,"Russia",2003,2018,06,028,"Production",08,"(1000 MT)",19344.0000
0412000,"Wheat, Spring",RS,"Russia",2004,2018,06,004,"Area Harvested",04,"(1000 HA)",14070.0000
0412000,"Wheat, Spring",RS,"Russia",2004,2018,06,028,"Production",08,"(1000 MT)",19417.0000
0412000,"Wheat, Spring",RS,"Russia",2005,2018,06,004,"Area Harvested",04,"(1000 HA)",14350.0000
0412000,"Wheat, Spring",RS,"Russia",2005,2018,06,028,"Production",08,"(1000 MT)",18656.0000
0412000,"Wheat, Spring",RS,"Russia",2006,2018,06,004,"Area Harvested",04,"(1000 HA)",14140.0000
0412000,"Wheat, Spring",RS,"Russia",2006,2018,06,028,"Production",08,"(1000 MT)",20221.0000
0412000,"Wheat, Spring",RS,"Russia",2007,2018,06,004,"Area Harvested",04,"(1000 HA)",13300.0000
0412000,"Wheat, Spring",RS,"Russia",2007,2018,06,028,"Production",08,"(1000 MT)",20748.0000
0412000,"Wheat, Spring",RS,"Russia",2008,2018,06,004,"Area Harvested",04,"(1000 HA)",13510.0000
0412000,"Wheat, Spring",RS,"Russia",2008,2018,06,028,"Production",08,"(1000 MT)",21071.0000
0412000,"Wheat, Spring",RS,"Russia",2009,2018,06,004,"Area Harvested",04,"(1000 HA)",13250.0000
0412000,"Wheat, Spring",RS,"Russia",2009,2018,06,028,"Production",08,"(1000 MT)",22788.0000
0412000,"Wheat, Spring",RS,"Russia",2010,2018,06,004,"Area Harvested",04,"(1000 HA)",10540.0000
0412000,"Wheat, Spring",RS,"Russia",2010,2018,06,028,"Production",08,"(1000 MT)",13603.0000
0412000,"Wheat, Spring",RS,"Russia",2011,2018,06,004,"Area Harvested",04,"(1000 HA)",13299.0000
0412000,"Wheat, Spring",RS,"Russia",2011,2018,06,028,"Production",08,"(1000 MT)",21811.0000
0412000,"Wheat, Spring",RS,"Russia",2012,2018,06,004,"Area Harvested",04,"(1000 HA)",10245.0000
0412000,"Wheat, Spring",RS,"Russia",2012,2018,06,028,"Production",08,"(1000 MT)",12192.0000
0412000,"Wheat, Spring",RS,"Russia",2013,2018,06,004,"Area Harvested",04,"(1000 HA)",11384.0000
0412000,"Wheat, Spring",RS,"Russia",2013,2018,06,028,"Production",08,"(1000 MT)",16166.0000
0412000,"Wheat, Spring",RS,"Russia",2014,2018,06,004,"Area Harvested",04,"(1000 HA)",11865.0000
0412000,"Wheat, Spring",RS,"Russia",2014,2018,06,028,"Production",08,"(1000 MT)",17441.0000
0412000,"Wheat, Spring",RS,"Russia",2015,2018,06,004,"Area Harvested",04,"(1000 HA)",13000.0000
0412000,"Wheat, Spring",RS,"Russia",2015,2018,06,028,"Production",08,"(1000 MT)",19722.0000
0412000,"Wheat, Spring",RS,"Russia",2016,2018,06,004,"Area Harvested",04,"(1000 HA)",13367.0000
0412000,"Wheat, Spring",RS,"Russia",2016,2018,06,028,"Production",08,"(1000 MT)",20986.0000
0412000,"Wheat, Spring",RS,"Russia",2017,2019,04,004,"Area Harvested",04,"(1000 HA)",12705.0000
0412000,"Wheat, Spring",RS,"Russia",2017,2019,04,028,"Production",08,"(1000 MT)",24013.0000
0412000,"Wheat, Spring",RS,"Russia",2018,2019,04,004,"Area Harvested",04,"(1000 HA)",11438.0000
0412000,"Wheat, Spring",RS,"Russia",2018,2019,04,028,"Production",08,"(1000 MT)",19215.0000
0412000,"Wheat, Spring",RS,"Russia",2019,2020,04,004,"Area Harvested",04,"(1000 HA)",11905.0000
0412000,"Wheat, Spring",RS,"Russia",2019,2020,04,028,"Production",08,"(1000 MT)",21071.0000
0412000,"Wheat, Spring",RS,"Russia",2020,2022,03,004,"Area Harvested",04,"(1000 HA)",12055.0000
0412000,"Wheat, Spring",RS,"Russia",2020,2022,03,028,"Production",08,"(1000 MT)",22663.0000
0412000,"Wheat, Spring",RS,"Russia",2021,2022,04,004,"Area Harvested",04,"(1000 HA)",12413.0000
0412000,"Wheat, Spring",RS,"Russia",2021,2022,04,028,"Production",08,"(1000 MT)",22964.0000
0412000,"Wheat, Spring",RS,"Russia",2022,2023,04,004,"Area Harvested",04,"(1000 HA)",12700.0000
0412000,"Wheat, Spring",RS,"Russia",2022,2023,04,028,"Production",08,"(1000 MT)",24000.0000
0412000,"Wheat, Spring",RS,"Russia",2023,2024,04,004,"Area Harvested",04,"(1000 HA)",13560.0000
0412000,"Wheat, Spring",RS,"Russia",2023,2024,04,028,"Production",08,"(1000 MT)",27500.0000
0412000,"Wheat, Spring",RS,"Russia",2024,2025,04,004,"Area Harvested",04,"(1000 HA)",12100.0000
0412000,"Wheat, Spring",RS,"Russia",2024,2025,04,028,"Production",08,"(1000 MT)",25800.0000
0412000,"Wheat, Spring",RS,"Russia",2025,2025,11,004,"Area Harvested",04,"(1000 HA)",11000.0000
0412000,"Wheat, Spring",RS,"Russia",2025,2025,11,028,"Production",08,"(1000 MT)",25000.0000
0413000,"Wheat, Winter",RS,"Russia",1987,2018,06,004,"Area Harvested",04,"(1000 HA)",6880.0000
0413000,"Wheat, Winter",RS,"Russia",1987,2018,06,028,"Production",08,"(1000 MT)",17272.0000
0413000,"Wheat, Winter",RS,"Russia",1988,2018,06,004,"Area Harvested",04,"(1000 HA)",8878.0000
0413000,"Wheat, Winter",RS,"Russia",1988,2018,06,028,"Production",08,"(1000 MT)",23740.0000
0413000,"Wheat, Winter",RS,"Russia",1989,2018,06,004,"Area Harvested",04,"(1000 HA)",9106.0000
0413000,"Wheat, Winter",RS,"Russia",1989,2018,06,028,"Production",08,"(1000 MT)",27090.0000
0413000,"Wheat, Winter",RS,"Russia",1990,2018,06,004,"Area Harvested",04,"(1000 HA)",9640.0000
0413000,"Wheat, Winter",RS,"Russia",1990,2018,06,028,"Production",08,"(1000 MT)",32771.0000
0413000,"Wheat, Winter",RS,"Russia",1991,2018,06,004,"Area Harvested",04,"(1000 HA)",9150.0000
0413000,"Wheat, Winter",RS,"Russia",1991,2018,06,028,"Production",08,"(1000 MT)",25800.0000
0413000,"Wheat, Winter",RS,"Russia",1992,2018,06,004,"Area Harvested",04,"(1000 HA)",10670.0000
0413000,"Wheat, Winter",RS,"Russia",1992,2018,06,028,"Production",08,"(1000 MT)",28270.0000
0413000,"Wheat, Winter",RS,"Russia",1993,2018,06,004,"Area Harvested",04,"(1000 HA)",10300.0000
0413000,"Wheat, Winter",RS,"Russia",1993,2018,06,028,"Production",08,"(1000 MT)",27200.0000
0413000,"Wheat, Winter",RS,"Russia",1994,2018,06,004,"Area Harvested",04,"(1000 HA)",7600.0000
0413000,"Wheat, Winter",RS,"Russia",1994,2018,06,028,"Production",08,"(1000 MT)",17100.0000
0413000,"Wheat, Winter",RS,"Russia",1995,2018,06,004,"Area Harvested",04,"(1000 HA)",7720.0000
0413000,"Wheat, Winter",RS,"Russia",1995,2018,06,028,"Production",08,"(1000 MT)",13900.0000
0413000,"Wheat, Winter",RS,"Russia",1996,2018,06,004,"Area Harvested",04,"(1000 HA)",8680.0000
0413000,"Wheat, Winter",RS,"Russia",1996,2018,06,028,"Production",08,"(1000 MT)",16750.0000
0413000,"Wheat, Winter",RS,"Russia",1997,2018,06,004,"Area Harvested",04,"(1000 HA)",8530.0000
0413000,"Wheat, Winter",RS,"Russia",1997,2018,06,028,"Production",08,"(1000 MT)",20550.0000
0413000,"Wheat, Winter",RS,"Russia",1998,2018,06,004,"Area Harvested",04,"(1000 HA)",7280.0000
0413000,"Wheat, Winter",RS,"Russia",1998,2018,06,028,"Production",08,"(1000 MT)",13329.0000
0413000,"Wheat, Winter",RS,"Russia",1999,2018,06,004,"Area Harvested",04,"(1000 HA)",7260.0000
0413000,"Wheat, Winter",RS,"Russia",1999,2018,06,028,"Production",08,"(1000 MT)",16178.0000
0413000,"Wheat, Winter",RS,"Russia",2000,2018,06,004,"Area Harvested",04,"(1000 HA)",7700.0000
0413000,"Wheat, Winter",RS,"Russia",2000,2018,06,028,"Production",08,"(1000 MT)",17178.0000
0413000,"Wheat, Winter",RS,"Russia",2001,2018,06,004,"Area Harvested",04,"(1000 HA)",8370.0000
0413000,"Wheat, Winter",RS,"Russia",2001,2018,06,028,"Production",08,"(1000 MT)",24358.0000
0413000,"Wheat, Winter",RS,"Russia",2002,2018,06,004,"Area Harvested",04,"(1000 HA)",9950.0000
0413000,"Wheat, Winter",RS,"Russia",2002,2018,06,028,"Production",08,"(1000 MT)",29751.0000
0413000,"Wheat, Winter",RS,"Russia",2003,2018,06,004,"Area Harvested",04,"(1000 HA)",6950.0000
0413000,"Wheat, Winter",RS,"Russia",2003,2018,06,028,"Production",08,"(1000 MT)",14726.0000
0413000,"Wheat, Winter",RS,"Russia",2004,2018,06,004,"Area Harvested",04,"(1000 HA)",8850.0000
0413000,"Wheat, Winter",RS,"Russia",2004,2018,06,028,"Production",08,"(1000 MT)",26017.0000
0413000,"Wheat, Winter",RS,"Russia",2005,2018,06,004,"Area Harvested",04,"(1000 HA)",10230.0000
0413000,"Wheat, Winter",RS,"Russia",2005,2018,06,028,"Production",08,"(1000 MT)",28959.0000
0413000,"Wheat, Winter",RS,"Russia",2006,2018,06,004,"Area Harvested",04,"(1000 HA)",8820.0000
0413000,"Wheat, Winter",RS,"Russia",2006,2018,06,028,"Production",08,"(1000 MT)",24706.0000
0413000,"Wheat, Winter",RS,"Russia",2007,2018,06,004,"Area Harvested",04,"(1000 HA)",10180.0000
0413000,"Wheat, Winter",RS,"Russia",2007,2018,06,028,"Production",08,"(1000 MT)",28620.0000
0413000,"Wheat, Winter",RS,"Russia",2008,2018,06,004,"Area Harvested",04,"(1000 HA)",12590.0000
0413000,"Wheat, Winter",RS,"Russia",2008,2018,06,028,"Production",08,"(1000 MT)",42694.0000
0413000,"Wheat, Winter",RS,"Russia",2009,2018,06,004,"Area Harvested",04,"(1000 HA)",13440.0000
0413000,"Wheat, Winter",RS,"Russia",2009,2018,06,028,"Production",08,"(1000 MT)",38982.0000
0413000,"Wheat, Winter",RS,"Russia",2010,2018,06,004,"Area Harvested",04,"(1000 HA)",11210.0000
0413000,"Wheat, Winter",RS,"Russia",2010,2018,06,028,"Production",08,"(1000 MT)",27905.0000
0413000,"Wheat, Winter",RS,"Russia",2011,2018,06,004,"Area Harvested",04,"(1000 HA)",11515.0000
0413000,"Wheat, Winter",RS,"Russia",2011,2018,06,028,"Production",08,"(1000 MT)",34429.0000
0413000,"Wheat, Winter",RS,"Russia",2012,2018,06,004,"Area Harvested",04,"(1000 HA)",11051.0000
0413000,"Wheat, Winter",RS,"Russia",2012,2018,06,028,"Production",08,"(1000 MT)",25528.0000
0413000,"Wheat, Winter",RS,"Russia",2013,2018,06,004,"Area Harvested",04,"(1000 HA)",12015.0000
0413000,"Wheat, Winter",RS,"Russia",2013,2018,06,028,"Production",08,"(1000 MT)",35925.0000
0413000,"Wheat, Winter",RS,"Russia",2014,2018,06,004,"Area Harvested",04,"(1000 HA)",11771.0000
0413000,"Wheat, Winter",RS,"Russia",2014,2018,06,028,"Production",08,"(1000 MT)",41639.0000
0413000,"Wheat, Winter",RS,"Russia",2015,2018,06,004,"Area Harvested",04,"(1000 HA)",12577.0000
0413000,"Wheat, Winter",RS,"Russia",2015,2018,06,028,"Production",08,"(1000 MT)",41322.0000
0413000,"Wheat, Winter",RS,"Russia",2016,2018,06,004,"Area Harvested",04,"(1000 HA)",13637.0000
0413000,"Wheat, Winter",RS,"Russia",2016,2018,06,028,"Production",08,"(1000 MT)",51543.0000
0413000,"Wheat, Winter",RS,"Russia",2017,2019,04,004,"Area Harvested",04,"(1000 HA)",14665.0000
0413000,"Wheat, Winter",RS,"Russia",2017,2019,04,028,"Production",08,"(1000 MT)",61154.0000
0413000,"Wheat, Winter",RS,"Russia",2018,2019,04,004,"Area Harvested",04,"(1000 HA)",14906.0000
0413000,"Wheat, Winter",RS,"Russia",2018,2019,04,028,"Production",08,"(1000 MT)",52470.0000
0413000,"Wheat, Winter",RS,"Russia",2019,2020,04,004,"Area Harvested",04,"(1000 HA)",15407.0000
0413000,"Wheat, Winter",RS,"Russia",2019,2020,04,028,"Production",08,"(1000 MT)",52539.0000
0413000,"Wheat, Winter",RS,"Russia",2020,2021,04,004,"Area Harvested",04,"(1000 HA)",16628.0000
0413000,"Wheat, Winter",RS,"Russia",2020,2021,04,028,"Production",08,"(1000 MT)",62689.0000
0413000,"Wheat, Winter",RS,"Russia",2021,2022,04,004,"Area Harvested",04,"(1000 HA)",15217.0000
0413000,"Wheat, Winter",RS,"Russia",2021,2022,04,028,"Production",08,"(1000 MT)",52194.0000
0413000,"Wheat, Winter",RS,"Russia",2022,2025,09,004,"Area Harvested",04,"(1000 HA)",16300.0000
0413000,"Wheat, Winter",RS,"Russia",2022,2025,09,028,"Production",08,"(1000 MT)",68000.0000
0413000,"Wheat, Winter",RS,"Russia",2023,2025,09,004,"Area Harvested",04,"(1000 HA)",15270.0000
0413000,"Wheat, Winter",RS,"Russia",2023,2025,09,028,"Production",08,"(1000 MT)",64000.0000
0413000,"Wheat, Winter",RS,"Russia",2024,2025,09,004,"Area Harvested",04,"(1000 HA)",15700.0000
0413000,"Wheat, Winter",RS,"Russia",2024,2025,09,028,"Production",08,"(1000 MT)",55800.0000
0413000,"Wheat, Winter",RS,"Russia",2025,2025,11,004,"Area Harvested",04,"(1000 HA)",15500.0000
0413000,"Wheat, Winter",RS,"Russia",2025,2025,11,028,"Production",08,"(1000 MT)",61500.0000
